906,06-02-19,12,2,2
916,13-01-19,30,1,2
113,22-01-19,25,4,3
104,07-01-19,5,3,1
700,26-01-19,15,2,2
894,03-01-19,29,3,1
492,25-01-19,2,4,3
647,13-02-19,12,2,3
101,10-01-19,8,2,1
671,11-01-19,25,1,3
81,26-01-19,13,3,3
21,08-02-19,28,6,2
625,07-01-19,29,1,2
948,14-01-19,23,2,2
337,16-01-19,15,5,3
304,12-02-19,25,5,2
83,26-01-19,8,6,1
142,02-02-19,15,4,1
371,14-01-19,7,1,2
28,26-01-19,24,5,2
956,19-01-19,1,3,2
598,26-01-19,10,6,3
138,05-01-19,30,3,2
430,08-02-19,2,3,3
915,09-02-19,26,4,1
204,20-01-19,17,2,1
687,28-01-19,5,2,3
862,10-02-19,19,4,2
367,06-01-19,6,2,2
344,25-01-19,2,4,2
393,03-01-19,25,1,1
142,08-01-19,3,6,1
308,08-01-19,19,4,1
204,07-01-19,14,1,1
842,03-01-19,13,3,3
455,01-01-19,20,1,2
288,01-01-19,22,2,3
876,09-01-19,2,1,3
187,04-01-19,3,4,1
862,08-01-19,1,4,1
579,10-01-19,20,1,1
202,16-01-19,25,5,2
805,09-02-19,1,3,1
521,02-01-19,29,4,1
488,07-01-19,24,2,2
547,12-01-19,3,4,3
811,03-02-19,13,3,1
949,18-01-19,24,4,1
698,31-01-19,12,5,2
62,04-01-19,11,1,3
980,07-02-19,20,4,3
17,02-02-19,29,2,1
67,15-01-19,28,3,3
723,04-02-19,4,5,1
908,31-01-19,22,6,2
745,02-01-19,12,1,1
693,07-01-19,3,4,1
397,05-02-19,18,5,3
589,28-01-19,25,2,2
769,19-01-19,4,1,1
32,13-02-19,4,3,1
976,12-02-19,23,1,3
679,01-01-19,17,6,1
264,12-01-19,19,5,1
567,04-02-19,16,3,2
625,04-02-19,14,6,3
379,02-02-19,1,4,3
744,04-02-19,21,6,3
714,31-01-19,3,3,2
683,21-01-19,3,1,3
946,06-02-19,14,3,2
127,14-01-19,6,3,2
194,11-01-19,17,5,2
80,11-01-19,29,1,3
832,01-02-19,8,3,3
324,15-01-19,26,2,1
739,12-01-19,24,4,1
1000,01-02-19,13,2,3
238,06-01-19,3,1,1
385,14-01-19,16,6,3
250,11-01-19,7,1,1
384,27-01-19,13,1,2
116,07-02-19,1,4,1
180,30-01-19,18,6,3
740,10-01-19,6,4,3
581,05-01-19,7,1,1
323,12-01-19,23,1,2
897,02-01-19,17,1,1
800,14-01-19,5,3,3
91,03-02-19,7,2,2
83,19-01-19,27,1,2
266,06-02-19,2,1,3
496,19-01-19,30,3,3
919,06-02-19,11,3,1
100,02-01-19,24,6,1
500,06-02-19,14,3,3
736,19-01-19,4,3,1
13,07-01-19,24,4,1
435,30-01-19,19,4,2
29,07-01-19,30,3,1
13,06-02-19,9,3,1
467,01-02-19,27,1,2
862,15-01-19,22,4,2
850,25-01-19,14,2,3
810,06-02-19,17,5,1
100,04-01-19,26,5,2
209,12-02-19,8,5,2
712,24-01-19,15,6,3
779,02-01-19,27,4,2
371,19-01-19,18,4,1
163,24-01-19,25,1,3
607,31-01-19,9,3,3
422,08-01-19,29,4,3
297,11-02-19,12,3,3
917,11-02-19,13,2,1
217,04-01-19,1,6,2
355,11-01-19,16,1,3
274,28-01-19,8,2,2
129,22-01-19,19,6,1
985,03-02-19,16,2,1
74,24-01-19,16,1,2
948,20-01-19,4,2,2
494,27-01-19,15,3,3
196,31-01-19,12,4,2
789,08-02-19,23,3,2
734,01-01-19,11,4,2
649,18-01-19,3,5,1
791,14-01-19,12,1,2
25,17-01-19,21,3,3
893,31-01-19,14,6,3
811,15-01-19,3,1,1
285,03-01-19,2,6,2
366,10-02-19,27,6,1
856,20-01-19,18,6,1
65,05-01-19,17,5,3
53,05-02-19,6,1,1
632,23-01-19,20,6,3
415,10-02-19,5,3,3
583,03-01-19,30,5,3
981,05-02-19,8,1,2
259,02-02-19,24,3,1
660,06-01-19,23,5,3
534,08-01-19,29,4,2
601,29-01-19,4,1,3
746,19-01-19,4,4,3
69,10-01-19,15,3,3
885,07-02-19,3,1,1
756,20-01-19,13,5,1
155,18-01-19,21,5,2
723,21-01-19,17,3,3
317,25-01-19,10,5,2
165,04-02-19,13,6,3
1,08-02-19,1,5,1
547,13-01-19,17,3,3
670,03-02-19,9,6,3
748,02-02-19,17,3,1
76,12-02-19,14,4,1
935,06-02-19,11,2,1
851,07-01-19,13,2,1
251,06-01-19,28,6,3
829,10-02-19,13,6,3
275,22-01-19,2,5,3
163,21-01-19,28,3,2
397,04-02-19,14,1,3
182,25-01-19,1,1,3
672,06-01-19,18,3,2
415,21-01-19,11,1,3
36,07-02-19,22,5,2
810,09-01-19,3,6,1
609,14-01-19,16,3,2
656,21-01-19,28,1,3
286,19-01-19,28,5,1
235,26-01-19,25,5,2
116,12-02-19,26,6,1
254,04-01-19,12,3,1
570,28-01-19,29,3,3
81,24-01-19,6,1,1
522,13-01-19,13,3,3
526,07-02-19,11,6,2
390,14-01-19,22,4,1
112,12-02-19,28,3,1
874,20-01-19,14,3,3
708,15-01-19,5,1,1
165,05-02-19,25,3,1
428,30-01-19,9,4,2
288,03-01-19,5,6,1
133,07-01-19,22,2,1
61,07-02-19,10,1,2
635,03-02-19,30,6,2
959,16-01-19,23,1,3
697,27-01-19,29,2,2
226,03-01-19,6,2,3
773,21-01-19,1,2,2
664,03-02-19,9,2,1
715,14-01-19,9,6,1
345,17-01-19,11,5,2
397,13-01-19,5,4,1
741,03-02-19,7,2,3
370,06-01-19,8,5,3
784,12-01-19,10,5,1
937,01-02-19,19,3,3
998,06-01-19,25,1,1
952,29-01-19,6,5,3
609,12-02-19,23,5,1
312,05-01-19,8,2,3
514,27-01-19,18,2,3
672,07-01-19,4,4,3
929,31-01-19,14,4,2
762,18-01-19,10,1,2
723,02-01-19,18,2,3
891,26-01-19,27,5,2
958,08-02-19,10,4,2
453,07-02-19,23,5,3
264,11-01-19,24,2,3
993,26-01-19,1,4,1
34,31-01-19,6,4,3
644,27-01-19,23,4,1
697,27-01-19,29,5,2
128,05-01-19,28,6,3
478,13-01-19,29,2,3
365,14-01-19,2,1,1
256,12-02-19,10,6,2
347,15-01-19,26,3,2
98,28-01-19,11,2,1
634,12-01-19,13,1,1
362,22-01-19,3,1,3
524,25-01-19,14,6,3
765,28-01-19,27,3,2
636,23-01-19,18,2,3
803,07-02-19,16,3,2
598,19-01-19,26,5,2
807,05-02-19,7,5,2
714,24-01-19,14,3,2
459,19-01-19,3,1,3
768,06-02-19,11,1,2
467,06-02-19,2,4,2
953,07-01-19,4,6,2
309,05-01-19,26,6,1
392,22-01-19,24,4,2
717,23-01-19,13,1,2
14,16-01-19,18,4,3
505,24-01-19,15,4,2
459,15-01-19,13,5,2
780,01-01-19,14,4,3
931,04-01-19,25,3,1
805,11-02-19,22,6,2
859,09-01-19,10,3,3
963,02-02-19,23,4,1
897,04-02-19,26,2,1
346,24-01-19,25,4,2
315,26-01-19,12,4,1
130,05-02-19,30,5,3
132,13-01-19,2,2,1
497,30-01-19,28,1,1
594,01-02-19,16,3,1
669,03-01-19,7,3,3
888,21-01-19,29,5,1
984,30-01-19,27,5,2
2,03-01-19,17,2,3
30,22-01-19,22,5,2
167,01-01-19,10,2,3
437,11-01-19,11,3,3
406,29-01-19,18,2,3
503,03-01-19,20,5,2
854,21-01-19,16,5,2
607,09-02-19,12,3,2
126,01-01-19,5,3,1
359,25-01-19,16,5,1
693,11-01-19,27,6,3
839,12-01-19,8,3,3
557,04-01-19,15,3,3
989,10-01-19,18,4,3
855,23-01-19,25,3,1
628,23-01-19,30,6,1
583,01-01-19,7,5,1
783,31-01-19,29,1,3
250,05-01-19,4,3,1
653,12-01-19,16,2,1
911,20-01-19,20,1,2
343,29-01-19,9,4,2
197,20-01-19,29,3,3
250,15-01-19,28,3,1
826,20-01-19,22,3,1
217,31-01-19,14,5,1
521,23-01-19,22,3,1
465,10-02-19,28,4,2
458,11-02-19,4,5,3
902,01-02-19,2,4,1
528,11-02-19,20,1,2
79,10-02-19,22,4,1
480,20-01-19,18,5,3
670,07-01-19,4,1,1
459,13-01-19,16,2,3
630,11-01-19,14,6,1
971,05-02-19,6,2,3
344,02-02-19,14,4,1
656,27-01-19,1,4,1
569,24-01-19,12,5,1
823,11-01-19,5,6,1
546,16-01-19,5,6,2
672,02-02-19,19,3,3
991,22-01-19,22,6,1
552,19-01-19,28,4,3
564,01-02-19,3,1,3
715,08-02-19,10,6,3
835,04-02-19,29,3,2
210,03-01-19,2,5,1
91,07-01-19,14,5,1
503,11-02-19,9,1,3
638,11-02-19,30,3,2
466,31-01-19,22,2,3
23,16-01-19,30,6,2
996,11-01-19,5,5,2
248,01-01-19,30,6,1
493,11-01-19,2,1,2
968,03-01-19,1,6,3
991,29-01-19,27,1,3
53,07-02-19,29,1,2
910,10-02-19,27,5,2
3,23-01-19,5,6,1
792,25-01-19,22,4,2
41,24-01-19,15,1,1
922,27-01-19,23,1,1
272,26-01-19,28,6,3
74,25-01-19,18,3,1
474,23-01-19,2,6,3
297,12-02-19,28,6,3
271,26-01-19,18,6,1
524,13-02-19,29,3,1
177,25-01-19,21,6,3
964,07-01-19,10,2,3
118,26-01-19,27,1,2
80,28-01-19,12,3,3
545,02-01-19,6,2,3
669,27-01-19,15,1,3
639,23-01-19,3,4,2
286,21-01-19,17,2,2
95,13-02-19,27,6,2
744,28-01-19,20,6,3
188,12-01-19,6,5,2
466,06-01-19,10,5,1
402,15-01-19,13,3,2
894,03-01-19,8,6,1
749,13-02-19,8,3,2
244,27-01-19,3,5,1
698,04-02-19,18,5,3
211,23-01-19,6,1,2
769,09-02-19,30,4,3
474,14-01-19,27,4,3
469,11-01-19,7,2,3
906,08-01-19,8,5,3
632,13-01-19,29,2,3
995,11-02-19,9,1,1
159,26-01-19,24,1,1
297,16-01-19,30,2,1
826,01-01-19,30,5,3
765,06-01-19,25,1,2
625,13-01-19,14,2,2
692,20-01-19,3,3,2
139,04-01-19,23,2,3
591,25-01-19,5,4,2
290,07-01-19,14,2,3
536,08-02-19,3,2,3
782,21-01-19,19,4,2
640,16-01-19,5,3,1
918,04-02-19,27,1,1
186,13-01-19,26,5,3
993,02-01-19,23,5,3
792,06-02-19,16,4,2
386,20-01-19,12,3,3
856,01-01-19,29,2,3
681,24-01-19,6,1,1
350,26-01-19,6,1,1
633,01-01-19,9,2,1
304,24-01-19,4,6,1
581,30-01-19,14,6,1
784,29-01-19,14,5,2
961,30-01-19,11,5,1
322,16-01-19,16,4,1
759,01-02-19,25,1,3
536,10-01-19,20,4,3
420,12-02-19,25,5,3
529,04-01-19,3,2,1
302,12-01-19,17,2,2
548,23-01-19,6,3,1
926,01-02-19,20,4,2
190,30-01-19,28,2,3
960,16-01-19,12,5,1
507,11-01-19,21,1,3
10,02-02-19,13,3,2
447,28-01-19,21,1,1
413,04-02-19,7,3,2
827,25-01-19,20,1,1
811,12-01-19,29,5,3
666,23-01-19,11,1,1
578,09-01-19,24,1,2
686,04-02-19,11,5,1
979,21-01-19,14,1,1
629,11-01-19,20,4,3
1000,05-01-19,28,4,1
126,01-01-19,16,6,2
404,06-02-19,3,6,2
474,26-01-19,6,3,3
977,08-02-19,30,1,2
852,08-02-19,13,1,2
543,02-02-19,10,3,2
733,08-02-19,2,6,2
948,07-02-19,17,4,2
996,06-01-19,3,5,3
381,28-01-19,6,2,2
40,13-01-19,17,3,1
436,14-01-19,16,5,2
504,21-01-19,21,1,2
283,10-01-19,24,6,2
325,11-01-19,7,3,3
34,12-01-19,4,4,2
9,18-01-19,12,3,1
469,22-01-19,2,5,1
964,18-01-19,24,4,1
42,20-01-19,18,3,3
23,14-01-19,16,6,1
566,07-01-19,9,2,2
491,31-01-19,3,4,2
586,14-01-19,12,4,2
878,16-01-19,22,4,1
229,16-01-19,29,3,1
711,25-01-19,2,6,3
331,09-01-19,7,2,3
987,02-02-19,18,2,1
255,13-02-19,12,2,1
874,03-02-19,18,6,3
76,02-01-19,15,6,2
922,08-02-19,23,6,3
454,11-01-19,2,1,1
654,05-01-19,7,6,2
947,06-01-19,30,4,3
611,29-01-19,8,1,1
800,03-01-19,2,2,1
370,02-02-19,24,6,1
383,11-02-19,1,1,3
857,11-01-19,27,1,1
420,25-01-19,6,2,3
199,04-01-19,24,6,2
582,04-02-19,7,5,2
881,22-01-19,9,1,2
976,12-01-19,12,2,3
229,29-01-19,23,2,3
225,21-01-19,21,6,2
698,31-01-19,17,1,3
435,30-01-19,29,6,2
124,02-01-19,20,3,2
5,06-02-19,8,5,3
689,16-01-19,12,4,2
923,09-01-19,12,6,2
339,10-02-19,12,1,1
445,09-02-19,20,5,1
217,02-01-19,30,1,2
819,27-01-19,15,6,1
371,11-02-19,23,2,3
819,24-01-19,24,5,1
31,09-02-19,16,5,1
948,17-01-19,14,1,3
253,20-01-19,13,4,2
906,11-01-19,23,2,2
350,03-02-19,11,2,1
872,12-01-19,28,2,3
996,27-01-19,19,5,3
551,06-02-19,22,4,1
161,10-01-19,7,6,3
662,04-01-19,3,5,1
214,18-01-19,3,4,1
113,06-02-19,25,1,1
249,18-01-19,4,4,3
620,06-02-19,19,6,1
892,03-01-19,20,6,1
978,15-01-19,19,5,1
968,06-01-19,6,4,3
440,18-01-19,9,2,1
807,29-01-19,25,5,1
385,13-01-19,3,1,2
380,29-01-19,25,2,3
2,09-01-19,28,1,1
999,26-01-19,5,6,2
480,16-01-19,16,6,1
641,08-02-19,3,1,2
996,07-02-19,3,2,2
722,02-02-19,16,6,1
235,09-02-19,16,2,2
731,12-01-19,17,1,2
605,01-02-19,16,1,2
774,21-01-19,14,2,2
177,07-02-19,26,1,3
113,02-02-19,28,3,2
67,08-01-19,19,2,1
787,11-02-19,18,3,1
325,31-01-19,14,3,1
468,21-01-19,9,2,2
36,12-01-19,24,2,3
41,13-01-19,30,1,3
468,12-02-19,25,1,2
349,24-01-19,2,2,3
669,12-02-19,15,5,2
702,20-01-19,21,1,2
109,02-01-19,21,5,3
674,29-01-19,7,5,2
438,21-01-19,16,2,1
401,01-01-19,27,6,1
363,01-01-19,9,1,3
926,20-01-19,22,6,1
678,22-01-19,11,6,1
738,19-01-19,15,3,2
744,14-01-19,3,6,3
212,03-02-19,22,5,2
774,27-01-19,28,1,2
100,04-01-19,27,5,3
959,02-01-19,29,1,2
856,24-01-19,30,1,2
224,01-02-19,1,3,3
294,12-01-19,12,5,1
801,09-01-19,1,2,2
24,17-01-19,25,1,3
921,16-01-19,24,3,1
344,29-01-19,27,4,3
177,10-02-19,28,6,2
379,02-01-19,8,1,3
913,12-02-19,14,6,1
399,07-02-19,12,2,1
438,02-02-19,6,2,1
376,22-01-19,11,5,3
156,07-01-19,10,4,3
921,09-02-19,19,4,3
513,06-01-19,26,4,2
371,05-01-19,13,6,2
449,07-02-19,30,3,3
651,25-01-19,30,4,2
200,09-02-19,27,6,1
737,25-01-19,16,6,3
814,21-01-19,18,5,2
294,12-02-19,15,6,3
559,20-01-19,11,4,3
830,16-01-19,3,4,1
530,03-01-19,8,3,1
696,22-01-19,10,6,3
427,14-01-19,15,4,1
196,25-01-19,15,6,1
108,15-01-19,18,2,3
797,10-01-19,14,2,1
877,14-01-19,5,4,1
962,19-01-19,20,6,3
913,30-01-19,1,3,3
79,06-01-19,20,6,1
41,08-01-19,29,5,3
2,02-02-19,13,2,3
965,22-01-19,6,2,2
110,24-01-19,23,4,2
781,03-01-19,17,5,3
736,03-02-19,30,3,2
21,18-01-19,11,2,3
812,25-01-19,8,4,3
609,11-01-19,14,2,3
360,09-01-19,17,1,2
406,03-02-19,3,5,2
810,07-01-19,2,3,2
881,12-02-19,18,3,2
266,22-01-19,15,2,1
864,16-01-19,24,2,1
553,07-01-19,17,2,1
284,22-01-19,29,3,1
285,10-01-19,24,3,1
625,13-01-19,12,5,3
94,31-01-19,2,6,1
973,05-02-19,11,6,2
195,21-01-19,23,3,2
120,11-02-19,4,4,1
311,30-01-19,3,1,3
991,13-02-19,26,3,3
225,11-02-19,11,5,3
768,02-02-19,14,3,3
119,22-01-19,28,5,3
686,13-01-19,18,1,2
34,17-01-19,26,1,2
10,20-01-19,13,2,1
758,05-02-19,18,3,1
758,09-02-19,4,1,1
48,08-01-19,1,1,3
671,07-02-19,20,4,2
564,03-01-19,25,2,3
424,04-02-19,18,4,3
643,26-01-19,17,6,2
52,09-01-19,27,1,3
320,14-01-19,27,3,1
846,08-02-19,14,4,2
700,02-02-19,19,1,3
327,01-01-19,28,3,3
93,06-01-19,28,4,1
957,02-01-19,29,2,1
541,21-01-19,13,1,2
223,06-01-19,30,3,2
824,01-02-19,12,6,1
668,22-01-19,14,4,2
979,05-01-19,24,5,3
531,09-01-19,29,2,2
99,23-01-19,23,2,3
690,05-01-19,23,1,2
869,03-02-19,17,3,3
283,09-02-19,26,5,1
448,12-01-19,11,4,3
907,12-02-19,28,5,3
888,28-01-19,23,6,1
229,16-01-19,5,2,1
66,21-01-19,28,4,2
600,05-01-19,29,4,3
555,08-02-19,15,3,2
236,13-01-19,29,4,1
701,03-02-19,4,3,2
335,01-01-19,19,6,3
46,04-01-19,5,1,2
215,23-01-19,19,5,3
522,08-02-19,16,4,1
602,03-01-19,9,6,3
554,02-01-19,26,6,3
157,22-01-19,24,3,1
569,10-01-19,2,2,3
470,25-01-19,23,1,2
810,05-01-19,24,4,3
15,21-01-19,21,3,1
282,23-01-19,15,2,2
797,14-01-19,11,2,2
514,04-01-19,17,1,3
618,08-01-19,3,6,3
852,09-02-19,12,5,2
866,13-02-19,5,6,3
978,01-02-19,15,1,3
308,11-01-19,17,6,1
200,21-01-19,5,4,1
316,06-02-19,16,4,3
438,02-02-19,28,3,2
548,28-01-19,11,4,3
447,24-01-19,6,4,2
136,05-01-19,21,2,2
734,16-01-19,12,6,1
312,05-02-19,23,6,2
325,06-02-19,29,4,2
83,18-01-19,17,3,1
467,26-01-19,19,1,1
30,28-01-19,29,6,2
244,13-02-19,12,2,2
212,19-01-19,15,4,3
201,14-01-19,20,4,3
131,18-01-19,24,3,3
591,20-01-19,19,6,3
293,22-01-19,20,6,1
489,09-01-19,4,1,2
756,18-01-19,9,4,1
182,11-02-19,10,6,2
264,08-02-19,12,4,1
455,05-01-19,9,6,3
976,07-01-19,7,5,2
401,12-01-19,5,6,3
200,27-01-19,6,1,1
772,05-02-19,24,1,1
220,04-02-19,11,1,2
111,06-01-19,3,4,3
205,18-01-19,7,2,2
998,10-01-19,29,6,2
138,29-01-19,13,2,2
978,16-01-19,3,6,3
941,07-01-19,29,3,3
970,11-01-19,3,1,2
3,30-01-19,16,1,1
70,01-01-19,2,3,3
443,30-01-19,24,1,2
242,19-01-19,24,3,3
526,15-01-19,6,1,2
65,07-02-19,10,2,3
650,06-02-19,23,1,2
237,12-02-19,8,6,3
414,24-01-19,23,2,2
20,10-02-19,26,2,3
369,13-02-19,16,4,2
924,08-02-19,20,4,1
668,27-01-19,8,2,2
79,08-01-19,27,2,3
459,05-02-19,19,2,1
162,07-01-19,30,1,1
80,03-01-19,17,4,1
876,04-01-19,15,4,1
91,25-01-19,21,3,1
790,27-01-19,20,1,2
773,02-01-19,9,4,1
988,13-02-19,9,1,2
242,26-01-19,13,2,3
698,21-01-19,13,2,3
743,20-01-19,29,4,3
282,03-01-19,25,4,1
348,23-01-19,17,5,3
673,11-02-19,14,2,2
432,17-01-19,14,4,3
785,08-02-19,8,5,3
524,10-01-19,2,1,1
590,20-01-19,9,1,3
589,09-02-19,5,2,2
20,29-01-19,15,1,1
815,06-02-19,23,4,1
860,10-02-19,23,2,1
19,31-01-19,8,4,3
923,24-01-19,11,2,2
882,26-01-19,21,1,1
104,01-01-19,30,1,1
291,19-01-19,2,4,3
549,11-02-19,9,4,1
711,26-01-19,4,6,3
730,11-02-19,20,1,1
986,17-01-19,2,4,3
236,22-01-19,11,6,2
996,04-02-19,4,4,2
962,15-01-19,30,5,3
253,08-01-19,16,2,3
372,14-01-19,8,5,3
522,06-02-19,9,5,3
841,26-01-19,18,4,2
972,18-01-19,17,1,1
461,20-01-19,15,3,1
430,24-01-19,24,1,1
213,08-02-19,9,2,2
559,27-01-19,24,5,1
252,04-01-19,19,5,3
839,14-01-19,10,5,2
13,26-01-19,6,6,3
452,03-02-19,20,4,2
251,18-01-19,30,3,1
661,26-01-19,11,4,3
481,12-02-19,2,3,3
73,06-01-19,26,4,3
346,04-01-19,6,1,3
549,10-02-19,3,4,3
1000,13-01-19,10,6,3
696,06-01-19,24,6,2
876,21-01-19,29,3,1
714,25-01-19,21,6,1
769,05-01-19,15,5,1
335,08-01-19,14,3,3
800,13-02-19,9,3,3
763,29-01-19,22,4,2
614,07-02-19,8,6,1
33,07-02-19,18,5,1
411,01-01-19,25,5,2
510,04-02-19,5,6,1
881,05-01-19,12,1,2
831,03-02-19,6,5,1
738,21-01-19,30,1,1
464,27-01-19,17,6,3
795,12-01-19,23,2,3
807,16-01-19,24,1,2
504,02-01-19,1,3,3
156,13-01-19,21,2,2
867,12-01-19,6,3,3
438,31-01-19,9,3,3
205,10-02-19,21,6,3
635,06-01-19,10,2,1
855,04-02-19,8,1,3
775,05-01-19,20,4,2
379,07-02-19,10,4,1
759,05-02-19,17,6,3
234,03-02-19,24,1,3
675,22-01-19,19,3,1
759,09-02-19,19,5,2
658,30-01-19,28,3,1
634,31-01-19,12,4,2
650,13-02-19,16,5,2
933,06-01-19,26,6,2
360,12-02-19,2,4,1
391,17-01-19,25,3,3
710,03-02-19,19,4,1
132,10-01-19,3,1,3
220,06-02-19,7,5,2
251,11-02-19,15,2,2
768,11-02-19,13,1,2
24,21-01-19,9,2,2
662,19-01-19,27,1,2
477,12-01-19,26,5,2
362,23-01-19,29,3,3
136,13-02-19,2,3,1
633,12-02-19,28,6,1
796,12-02-19,12,3,1
432,03-01-19,10,1,2
212,18-01-19,18,1,1
716,13-02-19,17,5,3
776,16-01-19,6,3,1
944,16-01-19,18,6,1
403,20-01-19,7,5,2
193,04-01-19,5,6,2
954,11-01-19,8,1,2
378,24-01-19,7,3,1
288,26-01-19,1,2,2
594,12-02-19,2,1,2
41,28-01-19,1,6,2
301,21-01-19,17,4,3
141,05-02-19,20,6,3
558,26-01-19,13,1,1
12,12-01-19,25,4,3
514,08-02-19,7,3,2
231,09-01-19,18,4,1
788,13-01-19,23,1,2
360,24-01-19,9,4,3
467,11-01-19,11,5,3
886,08-01-19,5,5,3
558,03-02-19,19,4,2
305,03-02-19,27,1,3
666,02-01-19,16,1,3
897,17-01-19,14,1,1
90,03-02-19,1,5,1
58,04-01-19,6,6,1
398,18-01-19,19,4,1
86,11-01-19,26,3,3
337,09-01-19,24,5,2
383,13-02-19,2,6,2
123,01-01-19,29,4,1
566,30-01-19,11,3,3
821,04-01-19,11,6,1
190,19-01-19,10,1,3
146,23-01-19,11,6,3
938,20-01-19,1,6,3
753,28-01-19,25,6,2
733,13-02-19,12,6,3
420,01-02-19,6,2,2
117,19-01-19,1,2,1
265,06-01-19,24,6,3
494,11-02-19,7,4,2
366,22-01-19,17,3,3
619,09-02-19,22,3,3
129,05-01-19,6,3,3
539,16-01-19,9,2,3
813,16-01-19,14,3,1
94,10-02-19,13,3,1
221,02-01-19,20,1,2
200,02-02-19,29,3,2
864,13-01-19,5,6,3
966,02-02-19,19,4,3
597,08-01-19,5,5,3
836,12-01-19,30,4,3
84,09-02-19,7,1,3
57,09-01-19,28,5,1
176,04-02-19,13,5,2
493,17-01-19,14,4,1
309,06-02-19,7,2,3
370,04-01-19,26,5,1
96,14-01-19,9,3,1
735,29-01-19,6,3,3
894,13-01-19,20,3,3
862,20-01-19,16,3,2
731,09-02-19,5,1,2
325,10-01-19,7,4,1
914,11-02-19,30,1,2
908,19-01-19,28,4,2
526,01-01-19,3,1,2
613,01-01-19,28,5,2
201,04-01-19,2,3,3
97,01-02-19,8,2,2
496,01-01-19,29,2,2
259,07-01-19,11,4,3
606,05-01-19,25,6,1
362,07-02-19,12,1,2
940,09-01-19,15,5,3
819,04-01-19,5,5,2
776,02-01-19,19,5,2
564,16-01-19,10,3,3
706,15-01-19,8,1,3
508,30-01-19,4,5,3
531,29-01-19,23,3,1
973,30-01-19,14,6,2
787,04-02-19,27,2,2
954,20-01-19,30,3,1
338,21-01-19,22,6,1
776,27-01-19,7,4,1
791,03-01-19,13,5,1
976,11-02-19,14,3,3
391,11-02-19,24,6,1
504,05-01-19,9,4,1
351,16-01-19,19,6,2
142,16-01-19,25,5,1
235,07-01-19,23,2,1
300,10-01-19,29,4,1
133,13-01-19,1,4,3
475,09-01-19,12,6,1
521,03-02-19,24,1,2
348,22-01-19,6,4,1
9,15-01-19,16,5,3
734,12-02-19,17,6,1
917,30-01-19,16,4,2
913,29-01-19,12,2,3
532,08-01-19,2,5,3
486,03-02-19,17,3,1
334,08-02-19,25,4,3
651,05-02-19,10,2,1
666,12-01-19,20,5,3
559,20-01-19,19,2,2
819,09-02-19,26,2,3
312,05-01-19,16,5,1
419,04-02-19,9,3,1
830,05-02-19,28,3,3
635,05-01-19,6,6,1
357,07-01-19,25,2,1
85,13-02-19,26,4,3
538,10-01-19,8,5,3
157,26-01-19,21,6,3
59,03-02-19,14,5,2
743,03-01-19,2,4,3
645,10-01-19,11,5,3
787,20-01-19,10,1,2
115,16-01-19,16,6,1
683,15-01-19,3,3,1
612,02-01-19,3,6,3
306,30-01-19,11,1,2
493,08-02-19,19,3,2
483,21-01-19,7,4,1
118,20-01-19,20,6,3
826,18-01-19,11,5,1
530,08-02-19,5,4,3
654,01-01-19,25,4,2
261,29-01-19,30,1,3
266,05-01-19,6,3,1
774,09-02-19,30,4,1
510,24-01-19,7,1,1
158,25-01-19,17,3,1
724,12-02-19,10,3,3
924,02-01-19,16,3,3
83,05-02-19,4,4,3
93,15-01-19,5,1,1
544,03-02-19,4,3,3
719,11-01-19,23,2,1
815,28-01-19,3,1,3
214,25-01-19,3,4,1
480,26-01-19,18,2,3
347,07-02-19,18,6,1
232,26-01-19,27,1,1
519,06-01-19,25,2,2
816,02-01-19,2,5,1
301,01-02-19,15,5,3
132,03-01-19,28,2,3
311,10-01-19,16,6,3
84,11-01-19,4,1,2
92,20-01-19,2,4,3
984,05-02-19,4,1,2
387,07-02-19,13,4,1
906,05-02-19,7,5,1
578,20-01-19,8,3,2
651,14-01-19,2,3,1
768,09-02-19,4,5,1
530,09-01-19,9,2,3
579,12-02-19,19,3,3
129,09-01-19,8,5,3
361,07-01-19,9,1,1
829,09-02-19,28,5,2
978,20-01-19,16,3,2
939,19-01-19,1,5,1
155,13-01-19,15,6,2
179,31-01-19,28,5,1
119,08-02-19,4,3,3
180,01-02-19,25,3,2
100,11-02-19,12,2,3
540,13-01-19,17,4,2
382,19-01-19,30,5,1
970,10-01-19,23,2,2
102,10-02-19,29,5,2
859,21-01-19,1,5,2
726,28-01-19,5,2,1
397,04-02-19,13,6,1
32,25-01-19,24,3,1
77,26-01-19,22,1,2
514,10-02-19,25,2,2
668,07-02-19,10,5,2
768,03-01-19,27,6,3
795,06-02-19,5,6,2
886,27-01-19,7,1,3
951,02-01-19,26,4,3
465,26-01-19,15,1,3
117,15-01-19,19,5,1
340,06-01-19,17,1,2
886,28-01-19,22,2,2
883,24-01-19,4,5,1
875,06-02-19,13,4,1
954,08-01-19,21,1,3
846,25-01-19,15,6,1
571,26-01-19,20,2,2
386,04-01-19,19,2,1
296,01-01-19,22,5,1
534,04-01-19,8,3,2
789,27-01-19,26,4,1
371,19-01-19,30,2,1
271,19-01-19,18,6,3
429,11-02-19,21,5,1
607,11-01-19,25,5,3
160,10-01-19,4,5,1
113,21-01-19,7,4,3
728,12-01-19,29,5,2
32,06-01-19,15,5,3
30,25-01-19,16,2,1
24,10-01-19,14,6,3
124,17-01-19,6,4,2
